"","date","series_id","value","realtime_start","realtime_end","distance_peak"
"1",1973-01-01,"BSCICP03USM665S",104.038950178899,2022-11-10,2022-11-10,0
"2",1973-02-01,"BSCICP03USM665S",103.8735631894,2022-11-10,2022-11-10,0
"3",1973-03-01,"BSCICP03USM665S",103.599543053385,2022-11-10,2022-11-10,0
"4",1973-04-01,"BSCICP03USM665S",103.183830587561,2022-11-10,2022-11-10,0
"5",1973-05-01,"BSCICP03USM665S",102.679986302499,2022-11-10,2022-11-10,0
"6",1973-06-01,"BSCICP03USM665S",102.213388453464,2022-11-10,2022-11-10,0
"7",1973-07-01,"BSCICP03USM665S",101.827976376279,2022-11-10,2022-11-10,0
"8",1973-08-01,"BSCICP03USM665S",101.998165643199,2022-11-10,2022-11-10,0
"9",1973-09-01,"BSCICP03USM665S",102.382837093814,2022-11-10,2022-11-10,0
"10",1973-10-01,"BSCICP03USM665S",102.765421585734,2022-11-10,2022-11-10,0
"11",1973-11-01,"BSCICP03USM665S",102.850497771347,2022-11-10,2022-11-10,0
"12",1973-12-01,"BSCICP03USM665S",102.492991248249,2022-11-10,2022-11-10,-0.00347598242930034
"13",1974-01-01,"BSCICP03USM665S",102.043612788629,2022-11-10,2022-11-10,-0.00784522195032855
"14",1974-02-01,"BSCICP03USM665S",101.686725458433,2022-11-10,2022-11-10,-0.0113151840596945
"15",1974-03-01,"BSCICP03USM665S",101.549843275681,2022-11-10,2022-11-10,-0.0126460690404976
"16",1974-04-01,"BSCICP03USM665S",101.267465670932,2022-11-10,2022-11-10,-0.0153915842384577
"17",1974-05-01,"BSCICP03USM665S",100.843036579505,2022-11-10,2022-11-10,-0.0195182447857948
"18",1974-06-01,"BSCICP03USM665S",100.500807631228,2022-11-10,2022-11-10,-0.0228456856411403
"19",1974-07-01,"BSCICP03USM665S",100.158603798205,2022-11-10,2022-11-10,-0.0261728823046293
"20",1974-08-01,"BSCICP03USM665S",99.5434658088813,2022-11-10,2022-11-10,-0.0321537769298673
"21",1974-09-01,"BSCICP03USM665S",98.5565126344877,2022-11-10,2022-11-10,-0.04174977496371
"22",1974-10-01,"BSCICP03USM665S",97.4575650633742,2022-11-10,2022-11-10,-0.0524346777588003
"23",1974-11-01,"BSCICP03USM665S",96.333969096218,2022-11-10,2022-11-10,-0.0633592332203999
"24",1974-12-01,"BSCICP03USM665S",95.4064906474155,2022-11-10,2022-11-10,-0.0723769673967034
"25",1975-01-01,"BSCICP03USM665S",95.0652961480467,2022-11-10,2022-11-10,-0.0756943504601022
"26",1975-02-01,"BSCICP03USM665S",95.2113252552328,2022-11-10,2022-11-10,-0.0742745313017084
"27",1975-03-01,"BSCICP03USM665S",95.5521680446632,2022-11-10,2022-11-10,-0.0709605678614131
"28",1975-04-01,"BSCICP03USM665S",96.2944060799739,2022-11-10,2022-11-10,-0.0637438985074076
"29",1975-05-01,"BSCICP03USM665S",97.1683273275389,2022-11-10,2022-11-10,-0.0552468929848104
"30",1975-06-01,"BSCICP03USM665S",98.0225486729774,2022-11-10,2022-11-10,-0.0469414266628335
"31",1975-07-01,"BSCICP03USM665S",98.7884648501529,2022-11-10,2022-11-10,-0.0394945382785082
"32",1975-08-01,"BSCICP03USM665S",99.5097145791403,2022-11-10,2022-11-10,-0.0324819350863405
"33",1975-09-01,"BSCICP03USM665S",100.052096110884,2022-11-10,2022-11-10,-0.0272084406113842
"34",1975-10-01,"BSCICP03USM665S",100.333980941877,2022-11-10,2022-11-10,-0.0244677165789184
"35",1975-11-01,"BSCICP03USM665S",100.463691885037,2022-11-10,2022-11-10,-0.0232065564876142
"36",1975-12-01,"BSCICP03USM665S",100.706863426343,2022-11-10,2022-11-10,-0.0208422359779884
"37",1976-01-01,"BSCICP03USM665S",101.130144247465,2022-11-10,2022-11-10,-0.0167267398910078
"38",1976-02-01,"BSCICP03USM665S",101.44866029814,2022-11-10,2022-11-10,-0.013629855990814
"39",1976-03-01,"BSCICP03USM665S",101.48642145846,2022-11-10,2022-11-10,-0.0132627098793392
"40",1976-04-01,"BSCICP03USM665S",101.469589130552,2022-11-10,2022-11-10,-0.0134263680849166
"41",1976-05-01,"BSCICP03USM665S",101.286296822216,2022-11-10,2022-11-10,-0.0152084917722854
"42",1976-06-01,"BSCICP03USM665S",101.001972850089,2022-11-10,2022-11-10,-0.017972931209021
"43",1976-07-01,"BSCICP03USM665S",100.634776886411,2022-11-10,2022-11-10,-0.0215431226192205
"44",1976-08-01,"BSCICP03USM665S",100.303972010627,2022-11-10,2022-11-10,-0.024759488927135
"45",1976-09-01,"BSCICP03USM665S",100.075971644389,2022-11-10,2022-11-10,-0.0269763023716833
"46",1976-10-01,"BSCICP03USM665S",99.9779232794485,2022-11-10,2022-11-10,-0.0279296119527266
"47",1976-11-01,"BSCICP03USM665S",100.021780963116,2022-11-10,2022-11-10,-0.0275031902569852
"48",1976-12-01,"BSCICP03USM665S",100.279695009774,2022-11-10,2022-11-10,-0.0249955305737877
"49",1977-01-01,"BSCICP03USM665S",100.432298555642,2022-11-10,2022-11-10,-0.0235117891318429
"50",1977-02-01,"BSCICP03USM665S",100.621067529728,2022-11-10,2022-11-10,-0.0216764166428769
"51",1977-03-01,"BSCICP03USM665S",100.887861346388,2022-11-10,2022-11-10,-0.0190824202846568
"52",1977-04-01,"BSCICP03USM665S",101.031471238086,2022-11-10,2022-11-10,-0.0176861227964592
"53",1977-05-01,"BSCICP03USM665S",101.111220655029,2022-11-10,2022-11-10,-0.0169107311486686
"54",1977-06-01,"BSCICP03USM665S",100.963475572167,2022-11-10,2022-11-10,-0.0183472344817926
"55",1977-07-01,"BSCICP03USM665S",100.756337368023,2022-11-10,2022-11-10,-0.0203612082459693
"56",1977-08-01,"BSCICP03USM665S",100.480286958356,2022-11-10,2022-11-10,-0.0230452050729044
"57",1977-09-01,"BSCICP03USM665S",100.359250881094,2022-11-10,2022-11-10,-0.0242220207411289
"58",1977-10-01,"BSCICP03USM665S",100.492209410218,2022-11-10,2022-11-10,-0.0229292848574428
"59",1977-11-01,"BSCICP03USM665S",100.747646098824,2022-11-10,2022-11-10,-0.0204457121558902
"60",1977-12-01,"BSCICP03USM665S",100.970469051304,2022-11-10,2022-11-10,-0.0182792379305991
"61",1978-01-01,"BSCICP03USM665S",100.885184808686,2022-11-10,2022-11-10,-0.0191084438602348
"62",1978-02-01,"BSCICP03USM665S",100.711445572718,2022-11-10,2022-11-10,-0.0207976844544247
"63",1978-03-01,"BSCICP03USM665S",100.70552576639,2022-11-10,2022-11-10,-0.0208552418455535
"64",1978-04-01,"BSCICP03USM665S",100.994181468595,2022-11-10,2022-11-10,-0.0180486856454392
"65",1978-05-01,"BSCICP03USM665S",101.376642339667,2022-11-10,2022-11-10,-0.0143300758247822
"66",1978-06-01,"BSCICP03USM665S",101.647739561535,2022-11-10,2022-11-10,-0.0116942381016562
"67",1978-07-01,"BSCICP03USM665S",101.781911302169,2022-11-10,2022-11-10,-0.0103897063439949
"68",1978-08-01,"BSCICP03USM665S",101.73008145397,2022-11-10,2022-11-10,-0.0108936402025769
"69",1978-09-01,"BSCICP03USM665S",101.670685001292,2022-11-10,2022-11-10,-0.0114711430242944
"70",1978-10-01,"BSCICP03USM665S",101.630983453645,2022-11-10,2022-11-10,-0.0118571552314036
"71",1978-11-01,"BSCICP03USM665S",101.591778605216,2022-11-10,2022-11-10,-0.0122383381063388
"72",1978-12-01,"BSCICP03USM665S",101.43647946883,2022-11-10,2022-11-10,-0.0137482883715408
"73",1979-01-01,"BSCICP03USM665S",101.262210965433,2022-11-10,2022-11-10,-0.015442674953747
"74",1979-02-01,"BSCICP03USM665S",101.10459864548,2022-11-10,2022-11-10,-0.0169751159566423
"75",1979-03-01,"BSCICP03USM665S",100.90810931155,2022-11-10,2022-11-10,-0.0188855523491508
"76",1979-04-01,"BSCICP03USM665S",100.615687378033,2022-11-10,2022-11-10,-0.021728727052759
"77",1979-05-01,"BSCICP03USM665S",100.251950937962,2022-11-10,2022-11-10,-0.0252652820325866
"78",1979-06-01,"BSCICP03USM665S",99.8757338952153,2022-11-10,2022-11-10,-0.0289231840447196
"79",1979-07-01,"BSCICP03USM665S",99.5359666430183,2022-11-10,2022-11-10,-0.0322266901974303
"80",1979-08-01,"BSCICP03USM665S",99.2626959985391,2022-11-10,2022-11-10,-0.0348836597833892
"81",1979-09-01,"BSCICP03USM665S",99.0896313071962,2022-11-10,2022-11-10,-0.0365663418811234
"82",1979-10-01,"BSCICP03USM665S",98.9195593255661,2022-11-10,2022-11-10,-0.0382199263101283
"83",1979-11-01,"BSCICP03USM665S",98.7200675661469,2022-11-10,2022-11-10,-0.0401595548364064
"84",1979-12-01,"BSCICP03USM665S",98.5576643584644,2022-11-10,2022-11-10,-0.0417385769238206
"85",1980-01-01,"BSCICP03USM665S",98.5706840742851,2022-11-10,2022-11-10,-0.0416119881750753
"86",1980-02-01,"BSCICP03USM665S",98.4066134258373,2022-11-10,2022-11-10,-0.0432072225395462
"87",1980-03-01,"BSCICP03USM665S",97.5262928978803,2022-11-10,2022-11-10,-0.0517664473078512
"88",1980-04-01,"BSCICP03USM665S",96.2743335329776,2022-11-10,2022-11-10,-0.0639390608783368
"89",1980-05-01,"BSCICP03USM665S",95.2639663336913,2022-11-10,2022-11-10,-0.0737627099727
"90",1980-06-01,"BSCICP03USM665S",95.2241651154044,2022-11-10,2022-11-10,-0.0741496912625269
"91",1980-07-01,"BSCICP03USM665S",96.1973214319557,2022-11-10,2022-11-10,-0.0646878380130193
"92",1980-08-01,"BSCICP03USM665S",97.7829736747117,2022-11-10,2022-11-10,-0.0492707785226398
"93",1980-09-01,"BSCICP03USM665S",99.2296074667868,2022-11-10,2022-11-10,-0.0352053746264797
"94",1980-10-01,"BSCICP03USM665S",100.228162029454,2022-11-10,2022-11-10,-0.0254965780304036
"95",1980-11-01,"BSCICP03USM665S",100.507694447422,2022-11-10,2022-11-10,-0.0227787261577812
"96",1980-12-01,"BSCICP03USM665S",100.06039239088,2022-11-10,2022-11-10,-0.0271277771223805
"97",1981-01-01,"BSCICP03USM665S",99.4738253398883,2022-11-10,2022-11-10,-0.0328308807893724
"98",1981-02-01,"BSCICP03USM665S",99.1999966630481,2022-11-10,2022-11-10,-0.0354932760404771
"99",1981-03-01,"BSCICP03USM665S",99.280881838507,2022-11-10,2022-11-10,-0.0347068415825835
"100",1981-04-01,"BSCICP03USM665S",99.5316225171168,2022-11-10,2022-11-10,-0.0322689274835459
"101",1981-05-01,"BSCICP03USM665S",99.6409105743405,2022-11-10,2022-11-10,-0.0312063360562622
"102",1981-06-01,"BSCICP03USM665S",99.3734205000545,2022-11-10,2022-11-10,-0.0338071020231968
"103",1981-07-01,"BSCICP03USM665S",98.8910357563182,2022-11-10,2022-11-10,-0.0384972567058577
"104",1981-08-01,"BSCICP03USM665S",98.3858965558812,2022-11-10,2022-11-10,-0.0434086495662015
"105",1981-09-01,"BSCICP03USM665S",97.6564384690939,2022-11-10,2022-11-10,-0.0505010613930164
"106",1981-10-01,"BSCICP03USM665S",96.9750700790747,2022-11-10,2022-11-10,-0.0571259042939618
"107",1981-11-01,"BSCICP03USM665S",96.5034291701001,2022-11-10,2022-11-10,-0.0617115982788672
"108",1981-12-01,"BSCICP03USM665S",96.407284782107,2022-11-10,2022-11-10,-0.0626463957769488
"109",1982-01-01,"BSCICP03USM665S",96.4444906362627,2022-11-10,2022-11-10,-0.0622846488242173
"110",1982-02-01,"BSCICP03USM665S",96.4463266311087,2022-11-10,2022-11-10,-0.0622667977210551
"111",1982-03-01,"BSCICP03USM665S",96.3709276020874,2022-11-10,2022-11-10,-0.0629998911980446
"112",1982-04-01,"BSCICP03USM665S",96.3241059801172,2022-11-10,2022-11-10,-0.0634551308224001
"113",1982-05-01,"BSCICP03USM665S",96.2948710193038,2022-11-10,2022-11-10,-0.0637393779718733
"114",1982-06-01,"BSCICP03USM665S",96.4288369531168,2022-11-10,2022-11-10,-0.062436847243137
"115",1982-07-01,"BSCICP03USM665S",96.5363089265284,2022-11-10,2022-11-10,-0.0613919133270121
"116",1982-08-01,"BSCICP03USM665S",96.5927593579787,2022-11-10,2022-11-10,-0.0608430542288696
"117",1982-09-01,"BSCICP03USM665S",96.6540146193842,2022-11-10,2022-11-10,-0.0602474784880338
"118",1982-10-01,"BSCICP03USM665S",96.7771459512675,2022-11-10,2022-11-10,-0.0590502909726458
"119",1982-11-01,"BSCICP03USM665S",97.0725074684547,2022-11-10,2022-11-10,-0.056178535136871
"120",1982-12-01,"BSCICP03USM665S",97.7165567487157,2022-11-10,2022-11-10,-0.0499165403559335
"121",1983-01-01,"BSCICP03USM665S",98.6111760087364,2022-11-10,2022-11-10,-0.0412182911553358
"122",1983-02-01,"BSCICP03USM665S",99.5553343470003,2022-11-10,2022-11-10,-0.0320383809096614
"123",1983-03-01,"BSCICP03USM665S",100.075545393229,2022-11-10,2022-11-10,-0.0269804467479306
"124",1983-04-01,"BSCICP03USM665S",100.385035857453,2022-11-10,2022-11-10,-0.0239713172742742
"125",1983-05-01,"BSCICP03USM665S",100.750241216679,2022-11-10,2022-11-10,-0.0204204802133014
"126",1983-06-01,"BSCICP03USM665S",101.249291210928,2022-11-10,2022-11-10,-0.0155682917935772
"127",1983-07-01,"BSCICP03USM665S",101.837318899001,2022-11-10,2022-11-10,-0.00985098657080345
"128",1983-08-01,"BSCICP03USM665S",102.164631812123,2022-11-10,2022-11-10,-0.0066685720933386
"129",1983-09-01,"BSCICP03USM665S",102.370862124522,2022-11-10,2022-11-10,-0.00466342562474802
"130",1983-10-01,"BSCICP03USM665S",102.644360473211,2022-11-10,2022-11-10,-0.00200424210482943
"131",1983-11-01,"BSCICP03USM665S",102.880013725063,2022-11-10,2022-11-10,0.000286979201419317
"132",1983-12-01,"BSCICP03USM665S",102.836261043112,2022-11-10,2022-11-10,-0.000138421578344146
"133",1984-01-01,"BSCICP03USM665S",102.261979089435,2022-11-10,2022-11-10,-0.00572207908240136
"134",1984-02-01,"BSCICP03USM665S",101.823922190506,2022-11-10,2022-11-10,-0.00998124076291044
"135",1984-03-01,"BSCICP03USM665S",101.551090869331,2022-11-10,2022-11-10,-0.0126339388741198
"136",1984-04-01,"BSCICP03USM665S",101.454057971744,2022-11-10,2022-11-10,-0.0135773752180324
"137",1984-05-01,"BSCICP03USM665S",101.253992305486,2022-11-10,2022-11-10,-0.0155225837546288
"138",1984-06-01,"BSCICP03USM665S",100.955523259624,2022-11-10,2022-11-10,-0.0184245536267196
"139",1984-07-01,"BSCICP03USM665S",100.502998788715,2022-11-10,2022-11-10,-0.0228243813447637
"140",1984-08-01,"BSCICP03USM665S",99.9656611915678,2022-11-10,2022-11-10,-0.0280488343983773
"141",1984-09-01,"BSCICP03USM665S",99.5369985137337,2022-11-10,2022-11-10,-0.0322166574728663
"142",1984-10-01,"BSCICP03USM665S",99.3696638886166,2022-11-10,2022-11-10,-0.0338436269940943
"143",1984-11-01,"BSCICP03USM665S",99.3243786126873,2022-11-10,2022-11-10,-0.0342839289557822
"144",1984-12-01,"BSCICP03USM665S",99.3185359979652,2022-11-10,2022-11-10,-0.0343407358244771
"145",1985-01-01,"BSCICP03USM665S",99.2581933808449,2022-11-10,2022-11-10,-0.0349274380614896
"146",1985-02-01,"BSCICP03USM665S",99.1118906970799,2022-11-10,2022-11-10,-0.036349917164024
"147",1985-03-01,"BSCICP03USM665S",98.903017138641,2022-11-10,2022-11-10,-0.0383807635183436
"148",1985-04-01,"BSCICP03USM665S",98.7654792237989,2022-11-10,2022-11-10,-0.0397180240841394
"149",1985-05-01,"BSCICP03USM665S",98.6767426337293,2022-11-10,2022-11-10,-0.040580796671462
"150",1985-06-01,"BSCICP03USM665S",98.6860047410376,2022-11-10,2022-11-10,-0.0404907425880205
"151",1985-07-01,"BSCICP03USM665S",98.7536860122016,2022-11-10,2022-11-10,-0.0398326877158462
"152",1985-08-01,"BSCICP03USM665S",98.9007784742074,2022-11-10,2022-11-10,-0.0384025297176534
"153",1985-09-01,"BSCICP03USM665S",99.1638230968063,2022-11-10,2022-11-10,-0.0358449862122861
"154",1985-10-01,"BSCICP03USM665S",99.4025000236674,2022-11-10,2022-11-10,-0.0335243661663655
"155",1985-11-01,"BSCICP03USM665S",99.5350743250334,2022-11-10,2022-11-10,-0.0322353660716772
"156",1985-12-01,"BSCICP03USM665S",99.5263056050656,2022-11-10,2022-11-10,-0.0323206230238341
"157",1986-01-01,"BSCICP03USM665S",99.5041188881055,2022-11-10,2022-11-10,-0.0325363411529717
"158",1986-02-01,"BSCICP03USM665S",99.4738108441735,2022-11-10,2022-11-10,-0.0328310217290383
"159",1986-03-01,"BSCICP03USM665S",99.4535297730329,2022-11-10,2022-11-10,-0.0330282115490204
"160",1986-04-01,"BSCICP03USM665S",99.4592663412805,2022-11-10,2022-11-10,-0.032972435754329
"161",1986-05-01,"BSCICP03USM665S",99.5251346534867,2022-11-10,2022-11-10,-0.0323320080108227
"162",1986-06-01,"BSCICP03USM665S",99.40307318948,2022-11-10,2022-11-10,-0.0335187933609341
"163",1986-07-01,"BSCICP03USM665S",99.3353466687045,2022-11-10,2022-11-10,-0.0341772881883103
"164",1986-08-01,"BSCICP03USM665S",99.5195065650278,2022-11-10,2022-11-10,-0.0323867290727607
"165",1986-09-01,"BSCICP03USM665S",99.6096512920003,2022-11-10,2022-11-10,-0.0315102653810351
"166",1986-10-01,"BSCICP03USM665S",99.574564363882,2022-11-10,2022-11-10,-0.0318514103329661
"167",1986-11-01,"BSCICP03USM665S",99.5622523618284,2022-11-10,2022-11-10,-0.0319711180866512
"168",1986-12-01,"BSCICP03USM665S",99.6631280209612,2022-11-10,2022-11-10,-0.0309903191472328
"169",1987-01-01,"BSCICP03USM665S",99.9223222324215,2022-11-10,2022-11-10,-0.0284702126132175
"170",1987-02-01,"BSCICP03USM665S",100.080197810293,2022-11-10,2022-11-10,-0.0269352119929727
"171",1987-03-01,"BSCICP03USM665S",100.310136030651,2022-11-10,2022-11-10,-0.0246995570827827
"172",1987-04-01,"BSCICP03USM665S",100.539512025013,2022-11-10,2022-11-10,-0.0224693686118242
"173",1987-05-01,"BSCICP03USM665S",100.763564242078,2022-11-10,2022-11-10,-0.0202909424309115
"174",1987-06-01,"BSCICP03USM665S",100.929311720472,2022-11-10,2022-11-10,-0.0186794044997827
"175",1987-07-01,"BSCICP03USM665S",101.096698979825,2022-11-10,2022-11-10,-0.0170519232237549
"176",1987-08-01,"BSCICP03USM665S",101.318165849227,2022-11-10,2022-11-10,-0.0148986339913163
"177",1987-09-01,"BSCICP03USM665S",101.493918861291,2022-11-10,2022-11-10,-0.0131898137534725
"178",1987-10-01,"BSCICP03USM665S",101.558320144325,2022-11-10,2022-11-10,-0.0125636497150915
"179",1987-11-01,"BSCICP03USM665S",101.485403637629,2022-11-10,2022-11-10,-0.0132726059989793
"180",1987-12-01,"BSCICP03USM665S",101.36042572899,2022-11-10,2022-11-10,-0.0144877475038542
"181",1988-01-01,"BSCICP03USM665S",101.02226734638,2022-11-10,2022-11-10,-0.0177756108583104
"182",1988-02-01,"BSCICP03USM665S",100.686902241857,2022-11-10,2022-11-10,-0.0210363155878935
"183",1988-03-01,"BSCICP03USM665S",100.492502504446,2022-11-10,2022-11-10,-0.0229264351461205
"184",1988-04-01,"BSCICP03USM665S",100.540241170194,2022-11-10,2022-11-10,-0.0224622792423335
"185",1988-05-01,"BSCICP03USM665S",100.726153504854,2022-11-10,2022-11-10,-0.0206546814310588
"186",1988-06-01,"BSCICP03USM665S",100.965302179183,2022-11-10,2022-11-10,-0.0183294746550968
"187",1988-07-01,"BSCICP03USM665S",100.937888974019,2022-11-10,2022-11-10,-0.0185960091469856
"188",1988-08-01,"BSCICP03USM665S",100.711134935938,2022-11-10,2022-11-10,-0.0208007047293551
"189",1988-09-01,"BSCICP03USM665S",100.517448394793,2022-11-10,2022-11-10,-0.0226838899870055
"190",1988-10-01,"BSCICP03USM665S",100.482688626535,2022-11-10,2022-11-10,-0.023021854012569
"191",1988-11-01,"BSCICP03USM665S",100.502631246473,2022-11-10,2022-11-10,-0.0228279549029862
"192",1988-12-01,"BSCICP03USM665S",100.48165585832,2022-11-10,2022-11-10,-0.0230318954633872
"193",1989-01-01,"BSCICP03USM665S",100.335462087668,2022-11-10,2022-11-10,-0.0244533156200207
"194",1989-02-01,"BSCICP03USM665S",100.102679583832,2022-11-10,2022-11-10,-0.0267166250728687
"195",1989-03-01,"BSCICP03USM665S",99.7964992960297,2022-11-10,2022-11-10,-0.0296935701964887
"196",1989-04-01,"BSCICP03USM665S",99.5015040566922,2022-11-10,2022-11-10,-0.032561764767538
"197",1989-05-01,"BSCICP03USM665S",99.0907238803318,2022-11-10,2022-11-10,-0.036555718956011
"198",1989-06-01,"BSCICP03USM665S",98.679241776823,2022-11-10,2022-11-10,-0.0405564978771163
"199",1989-07-01,"BSCICP03USM665S",98.3778729785646,2022-11-10,2022-11-10,-0.0434866616078588
"200",1989-08-01,"BSCICP03USM665S",98.251473975575,2022-11-10,2022-11-10,-0.0447156202004618
"201",1989-09-01,"BSCICP03USM665S",98.3030901658618,2022-11-10,2022-11-10,-0.0442137637057897
"202",1989-10-01,"BSCICP03USM665S",98.4190856310463,2022-11-10,2022-11-10,-0.0430859571545529
"203",1989-11-01,"BSCICP03USM665S",98.5214548268625,2022-11-10,2022-11-10,-0.0420906367814442
"204",1989-12-01,"BSCICP03USM665S",98.6330963453373,2022-11-10,2022-11-10,-0.0410051630025715
"205",1990-01-01,"BSCICP03USM665S",98.7754437189752,2022-11-10,2022-11-10,-0.0396211407885579
"206",1990-02-01,"BSCICP03USM665S",98.9927758228065,2022-11-10,2022-11-10,-0.0375080532630657
"207",1990-03-01,"BSCICP03USM665S",99.1645521939087,2022-11-10,2022-11-10,-0.0358378973102564
"208",1990-04-01,"BSCICP03USM665S",99.2185953425671,2022-11-10,2022-11-10,-0.0353124438624905
"209",1990-05-01,"BSCICP03USM665S",99.1405836085379,2022-11-10,2022-11-10,-0.0360709402793249
"210",1990-06-01,"BSCICP03USM665S",98.9426666658109,2022-11-10,2022-11-10,-0.0379952570985492
"211",1990-07-01,"BSCICP03USM665S",98.6281839895346,2022-11-10,2022-11-10,-0.0410529251029904
"212",1990-08-01,"BSCICP03USM665S",98.3216058384823,2022-11-10,2022-11-10,-0.0440337385914567
"213",1990-09-01,"BSCICP03USM665S",97.9938909423905,2022-11-10,2022-11-10,-0.0472200614891871
"214",1990-10-01,"BSCICP03USM665S",97.6557713859088,2022-11-10,2022-11-10,-0.0505075473430074
"215",1990-11-01,"BSCICP03USM665S",97.3229290499607,2022-11-10,2022-11-10,-0.0537437235712262
"216",1990-12-01,"BSCICP03USM665S",97.0595526737575,2022-11-10,2022-11-10,-0.0563044926672469
"217",1991-01-01,"BSCICP03USM665S",96.8806657757533,2022-11-10,2022-11-10,-0.0580437832091545
"218",1991-02-01,"BSCICP03USM665S",96.9022097627458,2022-11-10,2022-11-10,-0.0578343142473183
"219",1991-03-01,"BSCICP03USM665S",97.1573923731494,2022-11-10,2022-11-10,-0.0553532119101092
"220",1991-04-01,"BSCICP03USM665S",97.6204609968444,2022-11-10,2022-11-10,-0.0508508649722804
"221",1991-05-01,"BSCICP03USM665S",98.2460825592416,2022-11-10,2022-11-10,-0.0447680401347375
"222",1991-06-01,"BSCICP03USM665S",98.9821066194211,2022-11-10,2022-11-10,-0.0376117883311167
"223",1991-07-01,"BSCICP03USM665S",99.529140915886,2022-11-10,2022-11-10,-0.0322930557209834
"224",1991-08-01,"BSCICP03USM665S",99.9187292047807,2022-11-10,2022-11-10,-0.0285051470833333
"225",1991-09-01,"BSCICP03USM665S",100.034292923688,2022-11-10,2022-11-10,-0.0273815383365462
"226",1991-10-01,"BSCICP03USM665S",99.7426919314082,2022-11-10,2022-11-10,-0.0302167311513449
"227",1991-11-01,"BSCICP03USM665S",99.2318338574675,2022-11-10,2022-11-10,-0.0351837277630328
"228",1991-12-01,"BSCICP03USM665S",98.8944193328232,2022-11-10,2022-11-10,-0.0384643586977944
"229",1992-01-01,"BSCICP03USM665S",99.0230885406626,2022-11-10,2022-11-10,-0.0372133272431343
"230",1992-02-01,"BSCICP03USM665S",99.5360520986891,2022-11-10,2022-11-10,-0.0322258593247301
"231",1992-03-01,"BSCICP03USM665S",99.9617151183866,2022-11-10,2022-11-10,-0.0280872014774553
"232",1992-04-01,"BSCICP03USM665S",100.149280931708,2022-11-10,2022-11-10,-0.0262635271405708
"233",1992-05-01,"BSCICP03USM665S",100.273602486369,2022-11-10,2022-11-10,-0.0250547672672119
"234",1992-06-01,"BSCICP03USM665S",100.194443464115,2022-11-10,2022-11-10,-0.0258244185957838
"235",1992-07-01,"BSCICP03USM665S",100.034574982101,2022-11-10,2022-11-10,-0.0273787959248018
"236",1992-08-01,"BSCICP03USM665S",99.7831028933105,2022-11-10,2022-11-10,-0.0298238214155832
"237",1992-09-01,"BSCICP03USM665S",99.5233122288295,2022-11-10,2022-11-10,-0.0323497271730698
"238",1992-10-01,"BSCICP03USM665S",99.5708460195372,2022-11-10,2022-11-10,-0.0318875632386435
"239",1992-11-01,"BSCICP03USM665S",99.8951257840217,2022-11-10,2022-11-10,-0.0287346396115219
"240",1992-12-01,"BSCICP03USM665S",100.207769658396,2022-11-10,2022-11-10,-0.0256948500028283
"241",1993-01-01,"BSCICP03USM665S",100.386048194694,2022-11-10,2022-11-10,-0.0239614744707591
"242",1993-02-01,"BSCICP03USM665S",100.296192407024,2022-11-10,2022-11-10,-0.0248351288488815
"243",1993-03-01,"BSCICP03USM665S",99.977653689996,2022-11-10,2022-11-10,-0.0279322331306337
"244",1993-04-01,"BSCICP03USM665S",99.5970076858699,2022-11-10,2022-11-10,-0.0316331972715399
"245",1993-05-01,"BSCICP03USM665S",99.3812958934334,2022-11-10,2022-11-10,-0.0337305307517925
"246",1993-06-01,"BSCICP03USM665S",99.2509361092456,2022-11-10,2022-11-10,-0.0349979994273221
"247",1993-07-01,"BSCICP03USM665S",99.2620207542803,2022-11-10,2022-11-10,-0.0348902250822786
"248",1993-08-01,"BSCICP03USM665S",99.3741382033833,2022-11-10,2022-11-10,-0.0338001239011229
"249",1993-09-01,"BSCICP03USM665S",99.5752400607621,2022-11-10,2022-11-10,-0.0318448406333075
"250",1993-10-01,"BSCICP03USM665S",99.8828169779853,2022-11-10,2022-11-10,-0.02885431629081
"251",1993-11-01,"BSCICP03USM665S",100.165455450025,2022-11-10,2022-11-10,-0.0261062647192168
"252",1993-12-01,"BSCICP03USM665S",100.424385886972,2022-11-10,2022-11-10,-0.0235887228253248
"253",1994-01-01,"BSCICP03USM665S",100.601478755673,2022-11-10,2022-11-10,-0.0218668753618862
"254",1994-02-01,"BSCICP03USM665S",100.728169904364,2022-11-10,2022-11-10,-0.0206350762803431
"255",1994-03-01,"BSCICP03USM665S",100.839002307644,2022-11-10,2022-11-10,-0.0195574694074391
"256",1994-04-01,"BSCICP03USM665S",100.958228184893,2022-11-10,2022-11-10,-0.0183982540430753
"257",1994-05-01,"BSCICP03USM665S",101.07961121067,2022-11-10,2022-11-10,-0.0172180650463546
"258",1994-06-01,"BSCICP03USM665S",101.160493904572,2022-11-10,2022-11-10,-0.0164316547162674
"259",1994-07-01,"BSCICP03USM665S",101.181683832816,2022-11-10,2022-11-10,-0.0162256282146638
"260",1994-08-01,"BSCICP03USM665S",101.202522834866,2022-11-10,2022-11-10,-0.0160230137159346
"261",1994-09-01,"BSCICP03USM665S",101.271721134927,2022-11-10,2022-11-10,-0.0153502089987922
"262",1994-10-01,"BSCICP03USM665S",101.293225072787,2022-11-10,2022-11-10,-0.0151411294286787
"263",1994-11-01,"BSCICP03USM665S",101.183605337971,2022-11-10,2022-11-10,-0.0162069457075624
"264",1994-12-01,"BSCICP03USM665S",100.941187645553,2022-11-10,2022-11-10,-0.0185639366572507
"265",1995-01-01,"BSCICP03USM665S",100.710355164139,2022-11-10,2022-11-10,-0.0208082863338772
"266",1995-02-01,"BSCICP03USM665S",100.321547952241,2022-11-10,2022-11-10,-0.0245886006767633
"267",1995-03-01,"BSCICP03USM665S",99.8166579341621,2022-11-10,2022-11-10,-0.0294975707743254
"268",1995-04-01,"BSCICP03USM665S",99.3166870832171,2022-11-10,2022-11-10,-0.0343587125459141
"269",1995-05-01,"BSCICP03USM665S",98.8468778371928,2022-11-10,2022-11-10,-0.038926597546031
"270",1995-06-01,"BSCICP03USM665S",98.7007320287689,2022-11-10,2022-11-10,-0.0403475513730977
"271",1995-07-01,"BSCICP03USM665S",98.8222047673515,2022-11-10,2022-11-10,-0.0391664901121921
"272",1995-08-01,"BSCICP03USM665S",98.7705810201312,2022-11-10,2022-11-10,-0.0396684200817977
"273",1995-09-01,"BSCICP03USM665S",98.6866182376923,2022-11-10,2022-11-10,-0.0404847776518463
"274",1995-10-01,"BSCICP03USM665S",98.5284585780892,2022-11-10,2022-11-10,-0.0420225403562594
"275",1995-11-01,"BSCICP03USM665S",98.3821782234919,2022-11-10,2022-11-10,-0.0434448023556373
"276",1995-12-01,"BSCICP03USM665S",98.3027258919006,2022-11-10,2022-11-10,-0.0442173054870072
"277",1996-01-01,"BSCICP03USM665S",98.2789339643767,2022-11-10,2022-11-10,-0.0444486308382639
"278",1996-02-01,"BSCICP03USM665S",98.3809467768973,2022-11-10,2022-11-10,-0.0434567755266116
"279",1996-03-01,"BSCICP03USM665S",98.6254019739336,2022-11-10,2022-11-10,-0.0410799742243975
"280",1996-04-01,"BSCICP03USM665S",98.9640523096134,2022-11-10,2022-11-10,-0.0377873276838561
"281",1996-05-01,"BSCICP03USM665S",99.2658969848913,2022-11-10,2022-11-10,-0.03485253707206
"282",1996-06-01,"BSCICP03USM665S",99.5223389939639,2022-11-10,2022-11-10,-0.0323591897900399
"283",1996-07-01,"BSCICP03USM665S",99.5000231421514,2022-11-10,2022-11-10,-0.0325761634780244
"284",1996-08-01,"BSCICP03USM665S",99.5040334407537,2022-11-10,2022-11-10,-0.0325371719447874
"285",1996-09-01,"BSCICP03USM665S",99.5165214754574,2022-11-10,2022-11-10,-0.0324157526519858
"286",1996-10-01,"BSCICP03USM665S",99.6232105227265,2022-11-10,2022-11-10,-0.0313784310095929
"287",1996-11-01,"BSCICP03USM665S",99.8876142479949,2022-11-10,2022-11-10,-0.0288076731523366
"288",1996-12-01,"BSCICP03USM665S",100.108395737873,2022-11-10,2022-11-10,-0.0266610477624535
"289",1997-01-01,"BSCICP03USM665S",100.121430110398,2022-11-10,2022-11-10,-0.0265343165087655
"290",1997-02-01,"BSCICP03USM665S",100.077513400405,2022-11-10,2022-11-10,-0.0269613121086374
"291",1997-03-01,"BSCICP03USM665S",100.112107039118,2022-11-10,2022-11-10,-0.0266249633357815
"292",1997-04-01,"BSCICP03USM665S",100.230643990196,2022-11-10,2022-11-10,-0.0254724462974924
"293",1997-05-01,"BSCICP03USM665S",100.432545684965,2022-11-10,2022-11-10,-0.0235093863304141
"294",1997-06-01,"BSCICP03USM665S",100.570026417917,2022-11-10,2022-11-10,-0.0221726817355793
"295",1997-07-01,"BSCICP03USM665S",100.689999334042,2022-11-10,2022-11-10,-0.021006203024006
"296",1997-08-01,"BSCICP03USM665S",100.624691854822,2022-11-10,2022-11-10,-0.0216411778723066
"297",1997-09-01,"BSCICP03USM665S",100.50611505789,2022-11-10,2022-11-10,-0.022794082325872
"298",1997-10-01,"BSCICP03USM665S",100.514150008356,2022-11-10,2022-11-10,-0.022715959704785
"299",1997-11-01,"BSCICP03USM665S",100.451316873647,2022-11-10,2022-11-10,-0.0233268768716487
"300",1997-12-01,"BSCICP03USM665S",100.301206308554,2022-11-10,2022-11-10,-0.0247863794345505
"301",1998-01-01,"BSCICP03USM665S",100.132702015999,2022-11-10,2022-11-10,-0.0264247214572562
"302",1998-02-01,"BSCICP03USM665S",99.9781874710796,2022-11-10,2022-11-10,-0.0279270432570293
"303",1998-03-01,"BSCICP03USM665S",99.8434396396808,2022-11-10,2022-11-10,-0.0292371762589946
"304",1998-04-01,"BSCICP03USM665S",99.6582156426061,2022-11-10,2022-11-10,-0.0310380814669254
"305",1998-05-01,"BSCICP03USM665S",99.4110005869776,2022-11-10,2022-11-10,-0.0334417164612655
"306",1998-06-01,"BSCICP03USM665S",99.1756209893658,2022-11-10,2022-11-10,-0.0357302770682844
"307",1998-07-01,"BSCICP03USM665S",99.0638973369501,2022-11-10,2022-11-10,-0.0368165494231744
"308",1998-08-01,"BSCICP03USM665S",99.0078506167171,2022-11-10,2022-11-10,-0.0373614832975597
"309",1998-09-01,"BSCICP03USM665S",98.9394019281383,2022-11-10,2022-11-10,-0.0380269996544274
"310",1998-10-01,"BSCICP03USM665S",98.8690778568242,2022-11-10,2022-11-10,-0.038710750077011
"311",1998-11-01,"BSCICP03USM665S",98.8185072425788,2022-11-10,2022-11-10,-0.0392024405922852
"312",1998-12-01,"BSCICP03USM665S",98.8907452507138,2022-11-10,2022-11-10,-0.03850008124838
"313",1999-01-01,"BSCICP03USM665S",99.2075507191909,2022-11-10,2022-11-10,-0.0354198290829369
"314",1999-02-01,"BSCICP03USM665S",99.5199270025976,2022-11-10,2022-11-10,-0.0323826412211809
"315",1999-03-01,"BSCICP03USM665S",99.7523453336543,2022-11-10,2022-11-10,-0.0301228725657738
"316",1999-04-01,"BSCICP03USM665S",99.9396137274358,2022-11-10,2022-11-10,-0.0283020899945721
"317",1999-05-01,"BSCICP03USM665S",100.153069224258,2022-11-10,2022-11-10,-0.0262266941389608
"318",1999-06-01,"BSCICP03USM665S",100.290650842477,2022-11-10,2022-11-10,-0.0248890086517708
"319",1999-07-01,"BSCICP03USM665S",100.316617150077,2022-11-10,2022-11-10,-0.0246365421283932
"320",1999-08-01,"BSCICP03USM665S",100.463844447767,2022-11-10,2022-11-10,-0.0232050731430187
"321",1999-09-01,"BSCICP03USM665S",100.709370086121,2022-11-10,2022-11-10,-0.0208178641000461
"322",1999-10-01,"BSCICP03USM665S",100.899069008935,2022-11-10,2022-11-10,-0.0189734498587487
"323",1999-11-01,"BSCICP03USM665S",101.000618490133,2022-11-10,2022-11-10,-0.0179860994482163
"324",1999-12-01,"BSCICP03USM665S",100.959116517789,2022-11-10,2022-11-10,-0.0183896169152515
"325",2000-01-01,"BSCICP03USM665S",100.799460193716,2022-11-10,2022-11-10,-0.0199419314643549
"326",2000-02-01,"BSCICP03USM665S",100.599871745551,2022-11-10,2022-11-10,-0.0218825000808406
"327",2000-03-01,"BSCICP03USM665S",100.402309663197,2022-11-10,2022-11-10,-0.0238033666457571
"328",2000-04-01,"BSCICP03USM665S",100.208129266206,2022-11-10,2022-11-10,-0.0256913535899009
"329",2000-05-01,"BSCICP03USM665S",99.9717169053441,2022-11-10,2022-11-10,-0.0279899555994652
"330",2000-06-01,"BSCICP03USM665S",99.7493530527414,2022-11-10,2022-11-10,-0.030151966065346
"331",2000-07-01,"BSCICP03USM665S",99.5957448614457,2022-11-10,2022-11-10,-0.0316454755244562
"332",2000-08-01,"BSCICP03USM665S",99.3785342564527,2022-11-10,2022-11-10,-0.0337573817349239
"333",2000-09-01,"BSCICP03USM665S",99.1811513136291,2022-11-10,2022-11-10,-0.0356765065529914
"334",2000-10-01,"BSCICP03USM665S",98.9308998757684,2022-11-10,2022-11-10,-0.0381096638374321
"335",2000-11-01,"BSCICP03USM665S",98.5510231885734,2022-11-10,2022-11-10,-0.0418031480249324
"336",2000-12-01,"BSCICP03USM665S",97.9843688043105,2022-11-10,2022-11-10,-0.0473126438129125
"337",2001-01-01,"BSCICP03USM665S",97.5279479621633,2022-11-10,2022-11-10,-0.0517503553654798
"338",2001-02-01,"BSCICP03USM665S",97.3572919151458,2022-11-10,2022-11-10,-0.0534096185748509
"339",2001-03-01,"BSCICP03USM665S",97.4164064367331,2022-11-10,2022-11-10,-0.0528348569269421
"340",2001-04-01,"BSCICP03USM665S",97.5204519076173,2022-11-10,2022-11-10,-0.0518232383821733
"341",2001-05-01,"BSCICP03USM665S",97.6365085954296,2022-11-10,2022-11-10,-0.0506948365724872
"342",2001-06-01,"BSCICP03USM665S",97.8928244509596,2022-11-10,2022-11-10,-0.0482027158624851
"343",2001-07-01,"BSCICP03USM665S",98.1908545792951,2022-11-10,2022-11-10,-0.0453050135198277
"344",2001-08-01,"BSCICP03USM665S",98.4021184527049,2022-11-10,2022-11-10,-0.0432509264907162
"345",2001-09-01,"BSCICP03USM665S",98.2514390096689,2022-11-10,2022-11-10,-0.0447159601687347
"346",2001-10-01,"BSCICP03USM665S",97.9213903046113,2022-11-10,2022-11-10,-0.0479249743418247
"347",2001-11-01,"BSCICP03USM665S",98.067025030413,2022-11-10,2022-11-10,-0.0465089896946188
"348",2001-12-01,"BSCICP03USM665S",98.5145001771823,2022-11-10,2022-11-10,-0.0421582557996395
"349",2002-01-01,"BSCICP03USM665S",99.1350817103822,2022-11-10,2022-11-10,-0.0361244344118271
"350",2002-02-01,"BSCICP03USM665S",99.7828665322126,2022-11-10,2022-11-10,-0.0298261195191707
"351",2002-03-01,"BSCICP03USM665S",100.218008630506,2022-11-10,2022-11-10,-0.0255952980090911
"352",2002-04-01,"BSCICP03USM665S",100.387939047142,2022-11-10,2022-11-10,-0.0239430899953412
"353",2002-05-01,"BSCICP03USM665S",100.400079541329,2022-11-10,2022-11-10,-0.0238250497869797
"354",2002-06-01,"BSCICP03USM665S",100.215960252442,2022-11-10,2022-11-10,-0.0256152140825024
"355",2002-07-01,"BSCICP03USM665S",99.8203484331991,2022-11-10,2022-11-10,-0.0294616886044091
"356",2002-08-01,"BSCICP03USM665S",99.5413196590759,2022-11-10,2022-11-10,-0.0321746436232903
"357",2002-09-01,"BSCICP03USM665S",99.4035715901966,2022-11-10,2022-11-10,-0.0335139474853438
"358",2002-10-01,"BSCICP03USM665S",99.3394767851956,2022-11-10,2022-11-10,-0.0341371316836692
"359",2002-11-01,"BSCICP03USM665S",99.4174653837797,2022-11-10,2022-11-10,-0.0333788602093057
"360",2002-12-01,"BSCICP03USM665S",99.6115574172602,2022-11-10,2022-11-10,-0.0314917324103523
"361",2003-01-01,"BSCICP03USM665S",99.5421049826043,2022-11-10,2022-11-10,-0.0321670080401339
"362",2003-02-01,"BSCICP03USM665S",99.165387692359,2022-11-10,2022-11-10,-0.0358297738838423
"363",2003-03-01,"BSCICP03USM665S",98.7750891490458,2022-11-10,2022-11-10,-0.0396245882189261
"364",2003-04-01,"BSCICP03USM665S",98.7219132862067,2022-11-10,2022-11-10,-0.0401416091764455
"365",2003-05-01,"BSCICP03USM665S",99.010830041995,2022-11-10,2022-11-10,-0.0373325147914031
"366",2003-06-01,"BSCICP03USM665S",99.3769098754348,2022-11-10,2022-11-10,-0.0337731753484998
"367",2003-07-01,"BSCICP03USM665S",99.7894598803558,2022-11-10,2022-11-10,-0.0297620133817569
"368",2003-08-01,"BSCICP03USM665S",100.199237219056,2022-11-10,2022-11-10,-0.0257778096337965
"369",2003-09-01,"BSCICP03USM665S",100.533754878955,2022-11-10,2022-11-10,-0.022525344481487
"370",2003-10-01,"BSCICP03USM665S",101.012581243348,2022-11-10,2022-11-10,-0.0178697873887298
"371",2003-11-01,"BSCICP03USM665S",101.563577243887,2022-11-10,2022-11-10,-0.0125125357226858
"372",2003-12-01,"BSCICP03USM665S",101.978512291964,2022-11-10,2022-11-10,-0.00847818433821839
"373",2004-01-01,"BSCICP03USM665S",102.132462494472,2022-11-10,2022-11-10,-0.00698134955526716
"374",2004-02-01,"BSCICP03USM665S",102.135341941245,2022-11-10,2022-11-10,-0.00695335312515353
"375",2004-03-01,"BSCICP03USM665S",102.132635195711,2022-11-10,2022-11-10,-0.00697967040696209
"376",2004-04-01,"BSCICP03USM665S",102.14390727417,2022-11-10,2022-11-10,-0.00687007367478039
"377",2004-05-01,"BSCICP03USM665S",102.088169044755,2022-11-10,2022-11-10,-0.0074120081391027
"378",2004-06-01,"BSCICP03USM665S",101.931215722908,2022-11-10,2022-11-10,-0.00893804180202133
"379",2004-07-01,"BSCICP03USM665S",101.718706447386,2022-11-10,2022-11-10,-0.0110042376895166
"380",2004-08-01,"BSCICP03USM665S",101.415896454208,2022-11-10,2022-11-10,-0.0139484139428119
"381",2004-09-01,"BSCICP03USM665S",101.120146352186,2022-11-10,2022-11-10,-0.0168239479307902
"382",2004-10-01,"BSCICP03USM665S",100.933217701106,2022-11-10,2022-11-10,-0.018641427234542
"383",2004-11-01,"BSCICP03USM665S",100.894484659017,2022-11-10,2022-11-10,-0.0190180228070313
"384",2004-12-01,"BSCICP03USM665S",100.89595879227,2022-11-10,2022-11-10,-0.0190036900299914
"385",2005-01-01,"BSCICP03USM665S",100.743680771022,2022-11-10,2022-11-10,-0.0204842664447651
"386",2005-02-01,"BSCICP03USM665S",100.541443344134,2022-11-10,2022-11-10,-0.0224505906849998
"387",2005-03-01,"BSCICP03USM665S",100.32192033175,2022-11-10,2022-11-10,-0.0245849800865177
"388",2005-04-01,"BSCICP03USM665S",100.090293478233,2022-11-10,2022-11-10,-0.0268370533242374
"389",2005-05-01,"BSCICP03USM665S",99.9757995042936,2022-11-10,2022-11-10,-0.0279502611007708
"390",2005-06-01,"BSCICP03USM665S",100.123477159192,2022-11-10,2022-11-10,-0.0265144133596474
"391",2005-07-01,"BSCICP03USM665S",100.355488126267,2022-11-10,2022-11-10,-0.0242586054432794
"392",2005-08-01,"BSCICP03USM665S",100.521929743292,2022-11-10,2022-11-10,-0.0226403185061074
"393",2005-09-01,"BSCICP03USM665S",100.812631717498,2022-11-10,2022-11-10,-0.0198138667095175
"394",2005-10-01,"BSCICP03USM665S",100.933613559343,2022-11-10,2022-11-10,-0.0186375783641371
"395",2005-11-01,"BSCICP03USM665S",100.836022012242,2022-11-10,2022-11-10,-0.0195864463736821
"396",2005-12-01,"BSCICP03USM665S",100.617807864138,2022-11-10,2022-11-10,-0.0217081098836548
"397",2006-01-01,"BSCICP03USM665S",100.440048267242,2022-11-10,2022-11-10,-0.0234364398455689
"398",2006-02-01,"BSCICP03USM665S",100.359963777981,2022-11-10,2022-11-10,-0.0242150893513695
"399",2006-03-01,"BSCICP03USM665S",100.327408726534,2022-11-10,2022-11-10,-0.0245316172452779
"400",2006-04-01,"BSCICP03USM665S",100.310273012931,2022-11-10,2022-11-10,-0.0246982252245712
"401",2006-05-01,"BSCICP03USM665S",100.168426584558,2022-11-10,2022-11-10,-0.0260773768227321
"402",2006-06-01,"BSCICP03USM665S",100.033393604486,2022-11-10,2022-11-10,-0.0273902822825794
"403",2006-07-01,"BSCICP03USM665S",99.9743671580147,2022-11-10,2022-11-10,-0.0279641875893142
"404",2006-08-01,"BSCICP03USM665S",99.8839970451163,2022-11-10,2022-11-10,-0.0288428426746723
"405",2006-09-01,"BSCICP03USM665S",99.6960268008498,2022-11-10,2022-11-10,-0.0306704492331198
"406",2006-10-01,"BSCICP03USM665S",99.4983224616811,2022-11-10,2022-11-10,-0.0325926989397593
"407",2006-11-01,"BSCICP03USM665S",99.3583043550191,2022-11-10,2022-11-10,-0.0339540740395014
"408",2006-12-01,"BSCICP03USM665S",99.3393822110189,2022-11-10,2022-11-10,-0.0341380512142378
"409",2007-01-01,"BSCICP03USM665S",99.3237521213548,2022-11-10,2022-11-10,-0.0342900202372643
"410",2007-02-01,"BSCICP03USM665S",99.4391744447927,2022-11-10,2022-11-10,-0.0331677862574687
"411",2007-03-01,"BSCICP03USM665S",99.5761135215991,2022-11-10,2022-11-10,-0.031836348104288
"412",2007-04-01,"BSCICP03USM665S",99.770805725358,2022-11-10,2022-11-10,-0.029943384939523
"413",2007-05-01,"BSCICP03USM665S",99.8870511587992,2022-11-10,2022-11-10,-0.0288131479843298
"414",2007-06-01,"BSCICP03USM665S",99.897353171873,2022-11-10,2022-11-10,-0.0287129830527346
"415",2007-07-01,"BSCICP03USM665S",99.766672928309,2022-11-10,2022-11-10,-0.0299835675068274
"416",2007-08-01,"BSCICP03USM665S",99.5780793130665,2022-11-10,2022-11-10,-0.0318172350079978
"417",2007-09-01,"BSCICP03USM665S",99.4141839882707,2022-11-10,2022-11-10,-0.0334107647268346
"418",2007-10-01,"BSCICP03USM665S",99.2964898208287,2022-11-10,2022-11-10,-0.0345550875059392
"419",2007-11-01,"BSCICP03USM665S",99.1906756332802,2022-11-10,2022-11-10,-0.0355839030181766
"420",2007-12-01,"BSCICP03USM665S",99.1016317178194,2022-11-10,2022-11-10,-0.0364496636842917
"421",2008-01-01,"BSCICP03USM665S",99.0886394101605,2022-11-10,2022-11-10,-0.036575985947581
"422",2008-02-01,"BSCICP03USM665S",98.9918765502684,2022-11-10,2022-11-10,-0.0375167967553927
"423",2008-03-01,"BSCICP03USM665S",98.9665588186922,2022-11-10,2022-11-10,-0.0377629572711393
"424",2008-04-01,"BSCICP03USM665S",99.0358949143621,2022-11-10,2022-11-10,-0.0370888127879105
"425",2008-05-01,"BSCICP03USM665S",99.1843802464272,2022-11-10,2022-11-10,-0.0356451121225505
"426",2008-06-01,"BSCICP03USM665S",99.2884608385856,2022-11-10,2022-11-10,-0.0346331520988879
"427",2008-07-01,"BSCICP03USM665S",99.1946345312263,2022-11-10,2022-11-10,-0.0355454112458285
"428",2008-08-01,"BSCICP03USM665S",98.7513223097942,2022-11-10,2022-11-10,-0.0398556696406653
"429",2008-09-01,"BSCICP03USM665S",97.8573773053081,2022-11-10,2022-11-10,-0.048547363155591
"430",2008-10-01,"BSCICP03USM665S",96.8827383623725,2022-11-10,2022-11-10,-0.0580236317595834
"431",2008-11-01,"BSCICP03USM665S",96.1122212247421,2022-11-10,2022-11-10,-0.0655152545939559
"432",2008-12-01,"BSCICP03USM665S",95.6778594209071,2022-11-10,2022-11-10,-0.0697384894177742
"433",2009-01-01,"BSCICP03USM665S",95.7176377593667,2022-11-10,2022-11-10,-0.0693517305850846
"434",2009-02-01,"BSCICP03USM665S",95.9488253024794,2022-11-10,2022-11-10,-0.0671039286966904
"435",2009-03-01,"BSCICP03USM665S",96.3532739374638,2022-11-10,2022-11-10,-0.0631715351376087
"436",2009-04-01,"BSCICP03USM665S",96.9688894867066,2022-11-10,2022-11-10,-0.0571859972687361
"437",2009-05-01,"BSCICP03USM665S",97.6437936467229,2022-11-10,2022-11-10,-0.0506240051088467
"438",2009-06-01,"BSCICP03USM665S",98.3270545757395,2022-11-10,2022-11-10,-0.043980761334416
"439",2009-07-01,"BSCICP03USM665S",99.0282250294561,2022-11-10,2022-11-10,-0.0371633859311835
"440",2009-08-01,"BSCICP03USM665S",99.6099131538634,2022-11-10,2022-11-10,-0.0315077193373232
"441",2009-09-01,"BSCICP03USM665S",99.9476408615099,2022-11-10,2022-11-10,-0.0282240433710939
"442",2009-10-01,"BSCICP03USM665S",100.18652588366,2022-11-10,2022-11-10,-0.0259014000458163
"443",2009-11-01,"BSCICP03USM665S",100.312919448962,2022-11-10,2022-11-10,-0.024672494323036
"444",2009-12-01,"BSCICP03USM665S",100.549963557082,2022-11-10,2022-11-10,-0.0223677499294116
"445",2010-01-01,"BSCICP03USM665S",100.891317612086,2022-11-10,2022-11-10,-0.0190488155304466
"446",2010-02-01,"BSCICP03USM665S",101.136018155368,2022-11-10,2022-11-10,-0.0166696287633974
"447",2010-03-01,"BSCICP03USM665S",101.340177680374,2022-11-10,2022-11-10,-0.0146846162507709
"448",2010-04-01,"BSCICP03USM665S",101.277721594848,2022-11-10,2022-11-10,-0.0152918674248473
"449",2010-05-01,"BSCICP03USM665S",100.983964258704,2022-11-10,2022-11-10,-0.0181480260483774
"450",2010-06-01,"BSCICP03USM665S",100.636795842195,2022-11-10,2022-11-10,-0.0215234926142351
"451",2010-07-01,"BSCICP03USM665S",100.442583900479,2022-11-10,2022-11-10,-0.0234117862630201
"452",2010-08-01,"BSCICP03USM665S",100.416875454612,2022-11-10,2022-11-10,-0.0236617456353525
"453",2010-09-01,"BSCICP03USM665S",100.533291626426,2022-11-10,2022-11-10,-0.0225298486165085
"454",2010-10-01,"BSCICP03USM665S",100.771894737817,2022-11-10,2022-11-10,-0.0202099462673585
"455",2010-11-01,"BSCICP03USM665S",101.025430792348,2022-11-10,2022-11-10,-0.0177448531465196
"456",2010-12-01,"BSCICP03USM665S",101.223264818587,2022-11-10,2022-11-10,-0.0158213425119011
"457",2011-01-01,"BSCICP03USM665S",101.372407310054,2022-11-10,2022-11-10,-0.0143712523840091
"458",2011-02-01,"BSCICP03USM665S",101.427656159231,2022-11-10,2022-11-10,-0.0138340760905134
"459",2011-03-01,"BSCICP03USM665S",101.323723393471,2022-11-10,2022-11-10,-0.0148445988202241
"460",2011-04-01,"BSCICP03USM665S",101.055938246338,2022-11-10,2022-11-10,-0.0174482337362974
"461",2011-05-01,"BSCICP03USM665S",100.625569349428,2022-11-10,2022-11-10,-0.0216326461235546
"462",2011-06-01,"BSCICP03USM665S",100.352927186338,2022-11-10,2022-11-10,-0.024283505079008
"463",2011-07-01,"BSCICP03USM665S",100.061507051441,2022-11-10,2022-11-10,-0.0271169394445359
"464",2011-08-01,"BSCICP03USM665S",99.8717802416572,2022-11-10,2022-11-10,-0.0289616248266678
"465",2011-09-01,"BSCICP03USM665S",99.7448786284602,2022-11-10,2022-11-10,-0.0301954702231104
"466",2011-10-01,"BSCICP03USM665S",99.649662814247,2022-11-10,2022-11-10,-0.0311212393372754
"467",2011-11-01,"BSCICP03USM665S",99.6669650921117,2022-11-10,2022-11-10,-0.030953011878589
"468",2011-12-01,"BSCICP03USM665S",99.7902427655909,2022-11-10,2022-11-10,-0.0297544015057615
"469",2012-01-01,"BSCICP03USM665S",99.9309345242196,2022-11-10,2022-11-10,-0.0283864765887478
"470",2012-02-01,"BSCICP03USM665S",100.044427957679,2022-11-10,2022-11-10,-0.0272829969175874
"471",2012-03-01,"BSCICP03USM665S",100.102661064271,2022-11-10,2022-11-10,-0.0267168051357891
"472",2012-04-01,"BSCICP03USM665S",100.071263431143,2022-11-10,2022-11-10,-0.02702207962457
"473",2012-05-01,"BSCICP03USM665S",99.8739817811116,2022-11-10,2022-11-10,-0.0289402195879758
"474",2012-06-01,"BSCICP03USM665S",99.582688179742,2022-11-10,2022-11-10,-0.0317724236869506
"475",2012-07-01,"BSCICP03USM665S",99.4107338045886,2022-11-10,2022-11-10,-0.0334443103465142
"476",2012-08-01,"BSCICP03USM665S",99.3924589042094,2022-11-10,2022-11-10,-0.0336219944683725
"477",2012-09-01,"BSCICP03USM665S",99.3965365993737,2022-11-10,2022-11-10,-0.0335823476484479
"478",2012-10-01,"BSCICP03USM665S",99.3028583573865,2022-11-10,2022-11-10,-0.034493167177931
"479",2012-11-01,"BSCICP03USM665S",99.2477014845509,2022-11-10,2022-11-10,-0.035029449199222
"480",2012-12-01,"BSCICP03USM665S",99.4228448736871,2022-11-10,2022-11-10,-0.0333265562338854
"481",2013-01-01,"BSCICP03USM665S",99.7455287688171,2022-11-10,2022-11-10,-0.0301891490057028
"482",2013-02-01,"BSCICP03USM665S",99.9098979102348,2022-11-10,2022-11-10,-0.0285910124387498
"483",2013-03-01,"BSCICP03USM665S",99.766735895416,2022-11-10,2022-11-10,-0.029982955287068
"484",2013-04-01,"BSCICP03USM665S",99.544293145752,2022-11-10,2022-11-10,-0.0321457328572704
"485",2013-05-01,"BSCICP03USM665S",99.5156171995348,2022-11-10,2022-11-10,-0.0324245447914716
"486",2013-06-01,"BSCICP03USM665S",99.7451637397871,2022-11-10,2022-11-10,-0.030192698128341
"487",2013-07-01,"BSCICP03USM665S",100.072155233639,2022-11-10,2022-11-10,-0.0270134087623445
"488",2013-08-01,"BSCICP03USM665S",100.356866113908,2022-11-10,2022-11-10,-0.0242452074756384
"489",2013-09-01,"BSCICP03USM665S",100.493511086558,2022-11-10,2022-11-10,-0.0229166288531627
"490",2013-10-01,"BSCICP03USM665S",100.533390012002,2022-11-10,2022-11-10,-0.0225288920282748
"491",2013-11-01,"BSCICP03USM665S",100.50292562561,2022-11-10,2022-11-10,-0.022825092698686
"492",2013-12-01,"BSCICP03USM665S",100.363784612268,2022-11-10,2022-11-10,-0.0241779399513199
"493",2014-01-01,"BSCICP03USM665S",100.179293913287,2022-11-10,2022-11-10,-0.0259717154116114
"494",2014-02-01,"BSCICP03USM665S",100.230923086333,2022-11-10,2022-11-10,-0.0254697326875144
"495",2014-03-01,"BSCICP03USM665S",100.341746174416,2022-11-10,2022-11-10,-0.0243922163848769
"496",2014-04-01,"BSCICP03USM665S",100.436596175206,2022-11-10,2022-11-10,-0.0234700040198879
"497",2014-05-01,"BSCICP03USM665S",100.49921791321,2022-11-10,2022-11-10,-0.022861142231555
"498",2014-06-01,"BSCICP03USM665S",100.545393999246,2022-11-10,2022-11-10,-0.0224121790564943
"499",2014-07-01,"BSCICP03USM665S",100.650957706119,2022-11-10,2022-11-10,-0.0213857989303846
"500",2014-08-01,"BSCICP03USM665S",100.792323615484,2022-11-10,2022-11-10,-0.020011319346637
"501",2014-09-01,"BSCICP03USM665S",100.808899871233,2022-11-10,2022-11-10,-0.0198501508923447
"502",2014-10-01,"BSCICP03USM665S",100.828188605646,2022-11-10,2022-11-10,-0.0196626094138786
"503",2014-11-01,"BSCICP03USM665S",100.728060654971,2022-11-10,2022-11-10,-0.0206361384958438
"504",2014-12-01,"BSCICP03USM665S",100.457346626315,2022-11-10,2022-11-10,-0.0232682504887079
"505",2015-01-01,"BSCICP03USM665S",100.181282155165,2022-11-10,2022-11-10,-0.0259523840333383
"506",2015-02-01,"BSCICP03USM665S",99.9630969451031,2022-11-10,2022-11-10,-0.0280737661830577
"507",2015-03-01,"BSCICP03USM665S",99.8134927047552,2022-11-10,2022-11-10,-0.0295283458262257
"508",2015-04-01,"BSCICP03USM665S",99.772876437324,2022-11-10,2022-11-10,-0.0299232517169244
"509",2015-05-01,"BSCICP03USM665S",99.8343781467328,2022-11-10,2022-11-10,-0.0293252797990293
"510",2015-06-01,"BSCICP03USM665S",99.8258565311116,2022-11-10,2022-11-10,-0.0294081341925992
"511",2015-07-01,"BSCICP03USM665S",99.6882770746982,2022-11-10,2022-11-10,-0.0307457986608768
"512",2015-08-01,"BSCICP03USM665S",99.4842336634591,2022-11-10,2022-11-10,-0.0327296822167224
"513",2015-09-01,"BSCICP03USM665S",99.2636242004556,2022-11-10,2022-11-10,-0.0348746350150447
"514",2015-10-01,"BSCICP03USM665S",99.0637661362963,2022-11-10,2022-11-10,-0.0368178250674995
"515",2015-11-01,"BSCICP03USM665S",98.9034193979348,2022-11-10,2022-11-10,-0.0383768524114213
"516",2015-12-01,"BSCICP03USM665S",98.8466925323049,2022-11-10,2022-11-10,-0.0389283992377284
"517",2016-01-01,"BSCICP03USM665S",98.9368029104755,2022-11-10,2022-11-10,-0.0380522695142638
"518",2016-02-01,"BSCICP03USM665S",99.162168979598,2022-11-10,2022-11-10,-0.0358610689463919
"519",2016-03-01,"BSCICP03USM665S",99.411617191577,2022-11-10,2022-11-10,-0.0334357213070099
"520",2016-04-01,"BSCICP03USM665S",99.5435784284164,2022-11-10,2022-11-10,-0.0321526819469791
"521",2016-05-01,"BSCICP03USM665S",99.6577888189147,2022-11-10,2022-11-10,-0.03104223140981
"522",2016-06-01,"BSCICP03USM665S",99.7367419676199,2022-11-10,2022-11-10,-0.0302745817589475
"523",2016-07-01,"BSCICP03USM665S",99.644771831434,2022-11-10,2022-11-10,-0.0311687936313136
"524",2016-08-01,"BSCICP03USM665S",99.4796139859001,2022-11-10,2022-11-10,-0.0327745986503721
"525",2016-09-01,"BSCICP03USM665S",99.5284238408645,2022-11-10,2022-11-10,-0.0323000277341194
"526",2016-10-01,"BSCICP03USM665S",99.7078575765498,2022-11-10,2022-11-10,-0.0305554203712634
"527",2016-11-01,"BSCICP03USM665S",99.9910940104241,2022-11-10,2022-11-10,-0.0278015549062271
"528",2016-12-01,"BSCICP03USM665S",100.319035475199,2022-11-10,2022-11-10,-0.0246130291150932
"529",2017-01-01,"BSCICP03USM665S",100.611633879422,2022-11-10,2022-11-10,-0.0217681386132165
"530",2017-02-01,"BSCICP03USM665S",100.779829044013,2022-11-10,2022-11-10,-0.020132802195449
"531",2017-03-01,"BSCICP03USM665S",100.727512792511,2022-11-10,2022-11-10,-0.020641465280564
"532",2017-04-01,"BSCICP03USM665S",100.56853089463,2022-11-10,2022-11-10,-0.0221872224847192
"533",2017-05-01,"BSCICP03USM665S",100.565706050662,2022-11-10,2022-11-10,-0.0222146880199301
"534",2017-06-01,"BSCICP03USM665S",100.74601210726,2022-11-10,2022-11-10,-0.0204615992113679
"535",2017-07-01,"BSCICP03USM665S",100.926057554824,2022-11-10,2022-11-10,-0.0187110442654476
"536",2017-08-01,"BSCICP03USM665S",101.188880420109,2022-11-10,2022-11-10,-0.0161556568732612
"537",2017-09-01,"BSCICP03USM665S",101.364023017345,2022-11-10,2022-11-10,-0.0144527716074516
"538",2017-10-01,"BSCICP03USM665S",101.331175418471,2022-11-10,2022-11-10,-0.014772143896218
"539",2017-11-01,"BSCICP03USM665S",101.298205924311,2022-11-10,2022-11-10,-0.0150927013546106
"540",2017-12-01,"BSCICP03USM665S",101.358176941615,2022-11-10,2022-11-10,-0.0145096121270085
"541",2018-01-01,"BSCICP03USM665S",101.409021210117,2022-11-10,2022-11-10,-0.014015260912345
"542",2018-02-01,"BSCICP03USM665S",101.433450586538,2022-11-10,2022-11-10,-0.0137777377408451
"543",2018-03-01,"BSCICP03USM665S",101.312159855561,2022-11-10,2022-11-10,-0.0149570293690358
"544",2018-04-01,"BSCICP03USM665S",101.18459446156,2022-11-10,2022-11-10,-0.0161973286069122
"545",2018-05-01,"BSCICP03USM665S",101.230361438271,2022-11-10,2022-11-10,-0.0157523431406021
"546",2018-06-01,"BSCICP03USM665S",101.343621734376,2022-11-10,2022-11-10,-0.0146511302290536
"547",2018-07-01,"BSCICP03USM665S",101.404544384682,2022-11-10,2022-11-10,-0.0140587884161687
"548",2018-08-01,"BSCICP03USM665S",101.50592601533,2022-11-10,2022-11-10,-0.0130730699914179
"549",2018-09-01,"BSCICP03USM665S",101.41643647165,2022-11-10,2022-11-10,-0.0139431634340277
"550",2018-10-01,"BSCICP03USM665S",101.204314096973,2022-11-10,2022-11-10,-0.0160055975425003
"551",2018-11-01,"BSCICP03USM665S",100.986975475008,2022-11-10,2022-11-10,-0.0181187484428311
"552",2018-12-01,"BSCICP03USM665S",100.667306082679,2022-11-10,2022-11-10,-0.0212268461113486
"553",2019-01-01,"BSCICP03USM665S",100.513537366824,2022-11-10,2022-11-10,-0.0227219163267292
"554",2019-02-01,"BSCICP03USM665S",100.34598346549,2022-11-10,2022-11-10,-0.0243510178378031
"555",2019-03-01,"BSCICP03USM665S",100.211958952464,2022-11-10,2022-11-10,-0.0256541181234619
"556",2019-04-01,"BSCICP03USM665S",99.9868664030909,2022-11-10,2022-11-10,-0.0278426592997382
"557",2019-05-01,"BSCICP03USM665S",99.7801247483442,2022-11-10,2022-11-10,-0.0298527774734617
"558",2019-06-01,"BSCICP03USM665S",99.5937954886861,2022-11-10,2022-11-10,-0.0316644289841072
"559",2019-07-01,"BSCICP03USM665S",99.3707137748684,2022-11-10,2022-11-10,-0.0338334191071656
"560",2019-08-01,"BSCICP03USM665S",99.0901830539082,2022-11-10,2022-11-10,-0.0365609773304021
"561",2019-09-01,"BSCICP03USM665S",98.8777635158024,2022-11-10,2022-11-10,-0.0386263007144274
"562",2019-10-01,"BSCICP03USM665S",98.8099710926542,2022-11-10,2022-11-10,-0.0392854363007122
"563",2019-11-01,"BSCICP03USM665S",98.8321345023103,2022-11-10,2022-11-10,-0.0390699447850039
"564",2019-12-01,"BSCICP03USM665S",98.9394809386128,2022-11-10,2022-11-10,-0.0380262314474063
"565",2020-01-01,"BSCICP03USM665S",99.1096553549013,2022-11-10,2022-11-10,-0.0363716510615454
"566",2020-02-01,"BSCICP03USM665S",98.9914461469249,2022-11-10,2022-11-10,-0.037520981502699
"567",2020-03-01,"BSCICP03USM665S",98.5729809131175,2022-11-10,2022-11-10,-0.0415896563547907
"568",2020-04-01,"BSCICP03USM665S",98.1186664352089,2022-11-10,2022-11-10,-0.0460068880430478
"569",2020-05-01,"BSCICP03USM665S",98.3610673778261,2022-11-10,2022-11-10,-0.0436500599491663
"570",2020-06-01,"BSCICP03USM665S",99.2331631064324,2022-11-10,2022-11-10,-0.0351708036742467
"571",2020-07-01,"BSCICP03USM665S",99.9884851994405,2022-11-10,2022-11-10,-0.0278269199850564
"572",2020-08-01,"BSCICP03USM665S",100.481593794568,2022-11-10,2022-11-10,-0.023032498899961
"573",2020-09-01,"BSCICP03USM665S",100.77529395056,2022-11-10,2022-11-10,-0.0201768962304928
"574",2020-10-01,"BSCICP03USM665S",101.055382813632,2022-11-10,2022-11-10,-0.0174536341253868
"575",2020-11-01,"BSCICP03USM665S",101.200997540954,2022-11-10,2022-11-10,-0.0160378439204066
"576",2020-12-01,"BSCICP03USM665S",101.388213920988,2022-11-10,2022-11-10,-0.0142175670710889
"577",2021-01-01,"BSCICP03USM665S",101.536575884587,2022-11-10,2022-11-10,-0.0127750658988647
"578",2021-02-01,"BSCICP03USM665S",101.801638727588,2022-11-10,2022-11-10,-0.0101978995385202
"579",2021-03-01,"BSCICP03USM665S",102.018751385635,2022-11-10,2022-11-10,-0.0080869456515524
"580",2021-04-01,"BSCICP03USM665S",101.913825313014,2022-11-10,2022-11-10,-0.00910712615524102
"581",2021-05-01,"BSCICP03USM665S",101.769909308015,2022-11-10,2022-11-10,-0.0105063999372595
"582",2021-06-01,"BSCICP03USM665S",101.62576944872,2022-11-10,2022-11-10,-0.011907850221102
"583",2021-07-01,"BSCICP03USM665S",101.533098365113,2022-11-10,2022-11-10,-0.0128088773003586
"584",2021-08-01,"BSCICP03USM665S",101.564703177844,2022-11-10,2022-11-10,-0.0125015884352988
"585",2021-09-01,"BSCICP03USM665S",101.657931394212,2022-11-10,2022-11-10,-0.0115951444375725
"586",2021-10-01,"BSCICP03USM665S",101.673700709117,2022-11-10,2022-11-10,-0.0114418217483614
"587",2021-11-01,"BSCICP03USM665S",101.575174629738,2022-11-10,2022-11-10,-0.0123997760754084
"588",2021-12-01,"BSCICP03USM665S",101.34401720037,2022-11-10,2022-11-10,-0.0146472851723687
"589",2022-01-01,"BSCICP03USM665S",101.146895042061,2022-11-10,2022-11-10,-0.0165638744216228
"590",2022-02-01,"BSCICP03USM665S",101.022827099885,2022-11-10,2022-11-10,-0.0177701684587389
"591",2022-03-01,"BSCICP03USM665S",100.831061613626,2022-11-10,2022-11-10,-0.0196346755871859
"592",2022-04-01,"BSCICP03USM665S",100.601730594159,2022-11-10,2022-11-10,-0.0218644267739702
"593",2022-05-01,"BSCICP03USM665S",100.3877355084,2022-11-10,2022-11-10,-0.0239450689720735
"594",2022-06-01,"BSCICP03USM665S",100.108881190621,2022-11-10,2022-11-10,-0.0266563277780244
"595",2022-07-01,"BSCICP03USM665S",99.9244815021549,2022-11-10,2022-11-10,-0.0284492183566976
"596",2022-08-01,"BSCICP03USM665S",99.8097953931338,2022-11-10,2022-11-10,-0.0295642942338807
